second,beaconcount
0.7000000000000001,5.114285714
1.4,4.985714286
2.1,4.885714286
2.8000000000000003,5.057142857
3.5,4.7
4.2,4.871428571
4.9,4.957142857
5.6000000000000005,5.0
6.300000000000001,5.057142857
7.0,4.914285714
7.7,4.671428571
8.4,4.928571429
9.1,5.157142857
9.8,4.385714286
